,Unnamed: 0.1,id_folder,dict_additive_factor,dict_multiplication_factor,average_statistic,average_p_value,mean_synergy,mean_not_synergy,dif_mean,description
1,1,1,"{'logFC': 1, 'betweenness': 1, 'pagerank': 1, 'closeness': 1, 'katz': 1, 'eigenvector': 1, 'eigentrust': 1}","{'logFC': 1.8310473529191802, 'betweenness': 4.753198042323167, 'pagerank': 2.676341902399038, 'closeness': 7.482920440979423, 'katz': 2.3208030173540175, 'eigenvector': 3.7209931536865577, 'eigentrust': 1.001029373356104}",0.13557533290191193,0.0,0.8027942247334072,0.8215016045479296,0.018707379814522418,bayes_7_metrics_alpha_00001
2,2,2,"{'logFC': 1, 'betweenness': 1, 'pagerank': 1, 'closeness': 1, 'katz': 1, 'eigenvector': 1, 'eigentrust': 1}","{'logFC': 2.840070247583657, 'betweenness': 4.11004654338743, 'pagerank': 8.90305692751851, 'closeness': 4.570907268076029, 'katz': 7.166975503570836, 'eigenvector': 4.772750629629654, 'eigentrust': 5.849350606030212}",0.13207293341033974,0.0,0.7331662566092285,0.7683858615661316,0.03521960495690313,bayes_7_metrics_alpha_00001
3,3,3,"{'logFC': 1, 'betweenness': 1, 'pagerank': 1, 'closeness': 1, 'katz': 1, 'eigenvector': 1, 'eigentrust': 1}","{'logFC': 2.782913401763909, 'betweenness': 1.2464883387813355, 'pagerank': 8.206701118079831, 'closeness': 7.03420759160562, 'katz': 2.263482447357104, 'eigenvector': 6.028208456011765, 'eigentrust': 4.755743221304143}",0.1356031665402556,0.0,0.7631578433812938,0.7869168453613136,0.02375900198001979,bayes_7_metrics_alpha_00001
4,4,4,"{'logFC': 1, 'betweenness': 1, 'pagerank': 1, 'closeness': 1, 'katz': 1, 'eigenvector': 1, 'eigentrust': 1}","{'logFC': 1.7653979023280013, 'betweenness': 9.714354181474578, 'pagerank': 1.3514930490959411, 'closeness': 3.8208176034331855, 'katz': 9.051459971534626, 'eigenvector': 8.887502370664345, 'eigentrust': 7.230903541023826}",0.13275717701962042,0.0,0.7366094182958026,0.7761126291185155,0.03950321082271291,bayes_7_metrics_alpha_00001
5,5,5,"{'logFC': 1, 'betweenness': 1, 'pagerank': 1, 'closeness': 1, 'katz': 1, 'eigenvector': 1, 'eigentrust': 1}","{'logFC': 5.798487564757154, 'betweenness': 2.5284737760811202, 'pagerank': 7.226894025554261, 'closeness': 8.903282530864718, 'katz': 9.621005771354518, 'eigenvector': 4.78996862504547, 'eigentrust': 1.8851215044974508}",0.13186186165290062,0.0,0.7413998425007003,0.7667515191164977,0.025351676615797403,bayes_7_metrics_alpha_00001
6,6,6,"{'logFC': 1, 'betweenness': 1, 'pagerank': 1, 'closeness': 1, 'katz': 1, 'eigenvector': 1, 'eigentrust': 1}","{'logFC': 9.899749800158453, 'betweenness': 3.8396406790545665, 'pagerank': 7.733490889418555, 'closeness': 7.178508349134253, 'katz': 7.751298834504707, 'eigenvector': 1.1645944960977261, 'eigentrust': 8.511631047076357}",0.13127271630796064,0.0,0.7302268478709794,0.7564276751640894,0.02620082729311002,bayes_7_metrics_alpha_00001
7,7,7,"{'logFC': 1, 'betweenness': 1, 'pagerank': 1, 'closeness': 1, 'katz': 1, 'eigenvector': 1, 'eigentrust': 1}","{'logFC': 3.6425273353631153, 'betweenness': 3.5239959285796467, 'pagerank': 3.5899780472771385, 'closeness': 8.103513956063397, 'katz': 9.17735952783786, 'eigenvector': 5.0310417355831465, 'eigentrust': 1.9290340591987782}",0.13323266834132394,0.0,0.7516056426470044,0.7781993461926965,0.026593703545692127,bayes_7_metrics_alpha_00001
8,8,8,"{'logFC': 1, 'betweenness': 1, 'pagerank': 1, 'closeness': 1, 'katz': 1, 'eigenvector': 1, 'eigentrust': 1}","{'logFC': 5.424158433523044, 'betweenness': 2.170257149064499, 'pagerank': 1.4802629060537233, 'closeness': 1.1743026208326737, 'katz': 3.389919934350036, 'eigenvector': 2.9046530440005314, 'eigentrust': 7.109519796459018}",0.13675826253151582,0.0,0.8114295814088235,0.8273868441769658,0.015957262768142355,bayes_7_metrics_alpha_00001
9,9,9,"{'logFC': 1, 'betweenness': 1, 'pagerank': 1, 'closeness': 1, 'katz': 1, 'eigenvector': 1, 'eigentrust': 1}","{'logFC': 4.726503890376115, 'betweenness': 6.167058449428118, 'pagerank': 7.249601419549706, 'closeness': 2.3205571741522912, 'katz': 1.9210098594504326, 'eigenvector': 7.297825240188381, 'eigentrust': 6.303749832129558}",0.1360624215729253,0.0,0.7456629976420123,0.7786218943476924,0.032958896705680085,bayes_7_metrics_alpha_00001
10,10,10,"{'logFC': 1, 'betweenness': 1, 'pagerank': 1, 'closeness': 1, 'katz': 1, 'eigenvector': 1, 'eigentrust': 1}","{'logFC': 9.50135280391732, 'betweenness': 4.727613425742124, 'pagerank': 6.278995364517936, 'closeness': 1.4495811305147845, 'katz': 5.634002008524777, 'eigenvector': 6.974151806978099, 'eigentrust': 5.823067653239605}",0.13434369440520674,0.0,0.7386852233127328,0.7703931963541315,0.03170797304139872,bayes_7_metrics_alpha_00001
11,11,11,"{'logFC': 1, 'betweenness': 1, 'pagerank': 1, 'closeness': 1, 'katz': 1, 'eigenvector': 1, 'eigentrust': 1}","{'logFC': 2.488187774052395, 'betweenness': 9.130617237590952, 'pagerank': 9.347577223564304, 'closeness': 2.2372723373161376, 'katz': 4.579091532869802, 'eigenvector': 8.266521598385715, 'eigentrust': 2.253487125256827}",0.1335782693507572,0.0,0.7406219235185127,0.7769612888901467,0.03633936537163396,bayes_7_metrics_alpha_00001
12,12,12,"{'logFC': 1, 'betweenness': 1, 'pagerank': 1, 'closeness': 1, 'katz': 1, 'eigenvector': 1, 'eigentrust': 1}","{'logFC': 7.758481906246034, 'betweenness': 4.129892737709559, 'pagerank': 4.140085077800583, 'closeness': 7.7573089282254, 'katz': 6.61304986350048, 'eigenvector': 8.949754820852288, 'eigentrust': 7.533981868154063}",0.13340430911110956,0.0,0.7269452385592664,0.7614740082985316,0.03452876973926522,bayes_7_metrics_alpha_00001
13,13,13,"{'logFC': 1, 'betweenness': 1, 'pagerank': 1, 'closeness': 1, 'katz': 1, 'eigenvector': 1, 'eigentrust': 1}","{'logFC': 6.595261481882096, 'betweenness': 3.429351025885235, 'pagerank': 2.032713756580377, 'closeness': 9.062975963764602, 'katz': 6.970973480366033, 'eigenvector': 9.68356042433547, 'eigentrust': 4.852820708841654}",0.13472640693243154,0.0,0.7399778429149001,0.7697280280327266,0.029750185117826455,bayes_7_metrics_alpha_00001
14,14,14,"{'logFC': 1, 'betweenness': 1, 'pagerank': 1, 'closeness': 1, 'katz': 1, 'eigenvector': 1, 'eigentrust': 1}","{'logFC': 9.130415685060283, 'betweenness': 9.54540332836364, 'pagerank': 6.163115380050573, 'closeness': 5.0492092013194645, 'katz': 3.1332428221872495, 'eigenvector': 4.673231224851531, 'eigentrust': 6.205506529484186}",0.13389603672184686,0.0,0.727786269811526,0.761246417233949,0.03346014742242298,bayes_7_metrics_alpha_00001
15,15,15,"{'logFC': 1, 'betweenness': 1, 'pagerank': 1, 'closeness': 1, 'katz': 1, 'eigenvector': 1, 'eigentrust': 1}","{'logFC': 4.215427840022498, 'betweenness': 1.0258329432804307, 'pagerank': 9.176816358278193, 'closeness': 6.554304222586515, 'katz': 8.97347889379697, 'eigenvector': 5.743522920318483, 'eigentrust': 3.9398041159488653}",0.13223993524040145,0.0,0.7447107424397211,0.7701598021388114,0.025449059699090282,bayes_7_metrics_alpha_00001
16,16,16,"{'logFC': 1, 'betweenness': 1, 'pagerank': 1, 'closeness': 1, 'katz': 1, 'eigenvector': 1, 'eigentrust': 1}","{'logFC': 2.551064575107957, 'betweenness': 6.6102410421262245, 'pagerank': 2.2342217466599, 'closeness': 1.1423911856190065, 'katz': 9.975905654063325, 'eigenvector': 7.218072257652316, 'eigentrust': 9.364935103693853}",0.13264584246624592,0.0,0.7410686292538539,0.7789153423995273,0.03784671314567345,bayes_7_metrics_alpha_00001
17,17,17,"{'logFC': 1, 'betweenness': 1, 'pagerank': 1, 'closeness': 1, 'katz': 1, 'eigenvector': 1, 'eigentrust': 1}","{'logFC': 9.30722081991835, 'betweenness': 9.393359167334472, 'pagerank': 7.403722827656246, 'closeness': 7.271363453409101, 'katz': 7.784885696151218, 'eigenvector': 7.799167473422197, 'eigentrust': 1.5940015544985624}",0.13173429081049237,0.0,0.7218803115340172,0.7546502238989371,0.032769912364919884,bayes_7_metrics_alpha_00001
18,18,18,"{'logFC': 1, 'betweenness': 1, 'pagerank': 1, 'closeness': 1, 'katz': 1, 'eigenvector': 1, 'eigentrust': 1}","{'logFC': 8.740251538145992, 'betweenness': 2.1184386577494823, 'pagerank': 5.849479579074876, 'closeness': 1.1789212045581603, 'katz': 3.215899608427413, 'eigenvector': 1.2547583921871515, 'eigentrust': 1.2358988818994736}",0.13092943476838934,0.0,0.8282655735368559,0.8383624869816076,0.01009691344475172,bayes_7_metrics_alpha_00001
19,19,19,"{'logFC': 1, 'betweenness': 1, 'pagerank': 1, 'closeness': 1, 'katz': 1, 'eigenvector': 1, 'eigentrust': 1}","{'logFC': 9.72636173487707, 'betweenness': 5.975397808171893, 'pagerank': 6.04927197330139, 'closeness': 8.57827803123645, 'katz': 6.271833443124591, 'eigenvector': 3.5126531111002555, 'eigentrust': 2.1175598360792005}",0.13214947591578471,0.0,0.7357819717737145,0.7627512177447323,0.026969245971017797,bayes_7_metrics_alpha_00001
20,20,20,"{'logFC': 1, 'betweenness': 1, 'pagerank': 1, 'closeness': 1, 'katz': 1, 'eigenvector': 1, 'eigentrust': 1}","{'logFC': 8.771876691034858, 'betweenness': 1.1678256043564872, 'pagerank': 7.724094784634661, 'closeness': 8.205694054125548, 'katz': 4.490745796577546, 'eigenvector': 8.263946760569013, 'eigentrust': 3.096768464569184}",0.13416741469569715,0.0,0.7490756325880613,0.7713580229763238,0.02228239038826252,bayes_7_metrics_alpha_00001
21,21,21,"{'logFC': 1, 'betweenness': 1, 'pagerank': 1, 'closeness': 1, 'katz': 1, 'eigenvector': 1, 'eigentrust': 1}","{'logFC': 1.9674471619548362, 'betweenness': 6.00616210591377, 'pagerank': 3.0313840474706923, 'closeness': 2.228097030946165, 'katz': 1.4009669069028554, 'eigenvector': 2.092091101666636, 'eigentrust': 1.539259205609905}",0.13542920630060795,0.0,0.8376022298948858,0.852724243662126,0.015122013767240206,bayes_7_metrics_alpha_00001
22,22,22,"{'logFC': 1, 'betweenness': 1, 'pagerank': 1, 'closeness': 1, 'katz': 1, 'eigenvector': 1, 'eigentrust': 1}","{'logFC': 6.112904157279479, 'betweenness': 7.41690082344409, 'pagerank': 2.8296391119489144, 'closeness': 6.037452838487282, 'katz': 9.705486970002449, 'eigenvector': 1.6477685172053809, 'eigentrust': 1.1130038214320428}",0.13152321905305325,0.0,0.7646355884395531,0.7857827324476313,0.021147144008078156,bayes_7_metrics_alpha_00001
23,23,23,"{'logFC': 1, 'betweenness': 1, 'pagerank': 1, 'closeness': 1, 'katz': 1, 'eigenvector': 1, 'eigentrust': 1}","{'logFC': 8.621459213410319, 'betweenness': 3.270931701132911, 'pagerank': 3.1586298323282755, 'closeness': 7.694432686675836, 'katz': 9.730179901794811, 'eigenvector': 6.23223034545932, 'eigentrust': 2.7588653299838692}",0.13339503123166171,0.0,0.7426293540514065,0.7687152345556247,0.02608588050421823,bayes_7_metrics_alpha_00001
24,24,24,"{'logFC': 1, 'betweenness': 1, 'pagerank': 1, 'closeness': 1, 'katz': 1, 'eigenvector': 1, 'eigentrust': 1}","{'logFC': 1.630199293473001, 'betweenness': 5.4439274284185695, 'pagerank': 5.3771059984332865, 'closeness': 6.579601465432418, 'katz': 1.1671858195966855, 'eigenvector': 2.4111225518147585, 'eigentrust': 8.460828095951609}",0.13615751983726598,0.0,0.7621874996886892,0.7905554993441166,0.028367999655427467,bayes_7_metrics_alpha_00001
25,25,25,"{'logFC': 1, 'betweenness': 1, 'pagerank': 1, 'closeness': 1, 'katz': 1, 'eigenvector': 1, 'eigentrust': 1}","{'logFC': 4.421270553611953, 'betweenness': 6.456965154879973, 'pagerank': 5.958533972061072, 'closeness': 6.119662933778332, 'katz': 6.217706973212172, 'eigenvector': 9.89754538971204, 'eigentrust': 3.856261683899447}",0.13336951706318004,0.0,0.7285003274328907,0.7656506674435055,0.03715034001061479,bayes_7_metrics_alpha_00001
26,26,26,"{'logFC': 1, 'betweenness': 1, 'pagerank': 1, 'closeness': 1, 'katz': 1, 'eigenvector': 1, 'eigentrust': 1}","{'logFC': 6.6674575631940804, 'betweenness': 7.708009878158519, 'pagerank': 2.891566089233556, 'closeness': 7.023096041078661, 'katz': 4.330757781226957, 'eigenvector': 1.5970135098559741, 'eigentrust': 3.3842760189652843}",0.1334112675206955,0.0,0.7600659508312226,0.7839589889590195,0.023893038127796862,bayes_7_metrics_alpha_00001
27,27,27,"{'logFC': 1, 'betweenness': 1, 'pagerank': 1, 'closeness': 1, 'katz': 1, 'eigenvector': 1, 'eigentrust': 1}","{'logFC': 6.755147927919461, 'betweenness': 7.7747999836493245, 'pagerank': 5.722032782113603, 'closeness': 1.5988283321870345, 'katz': 2.7409085436099496, 'eigenvector': 8.242791073690109, 'eigentrust': 3.342835887206869}",0.13625261810160672,0.0,0.750114510744084,0.7811138765418002,0.030999365797716227,bayes_7_metrics_alpha_00001
28,28,28,"{'logFC': 1, 'betweenness': 1, 'pagerank': 1, 'closeness': 1, 'katz': 1, 'eigenvector': 1, 'eigentrust': 1}","{'logFC': 9.170342672531717, 'betweenness': 9.323271733594156, 'pagerank': 9.387748622771536, 'closeness': 3.369670934383999, 'katz': 7.9496022658892205, 'eigenvector': 7.6155936695980255, 'eigentrust': 1.593649816156214}",0.13183866695428095,0.0,0.7257835779176317,0.7584509256589015,0.03266734774126978,bayes_7_metrics_alpha_00001
29,29,29,"{'logFC': 1, 'betweenness': 1, 'pagerank': 1, 'closeness': 1, 'katz': 1, 'eigenvector': 1, 'eigentrust': 1}","{'logFC': 6.0098786937564075, 'betweenness': 1.1255641567803731, 'pagerank': 9.240457147896471, 'closeness': 3.1092587750927847, 'katz': 9.551585073223716, 'eigenvector': 9.541146886188548, 'eigentrust': 6.551005213014919}",0.1320079882542046,0.0,0.7382686347532766,0.767677020666311,0.029408385913034407,bayes_7_metrics_alpha_00001
30,30,30,"{'logFC': 1, 'betweenness': 1, 'pagerank': 1, 'closeness': 1, 'katz': 1, 'eigenvector': 1, 'eigentrust': 1}","{'logFC': 9.335632840358082, 'betweenness': 6.774095880517038, 'pagerank': 9.268600920702454, 'closeness': 4.510069427271216, 'katz': 5.945931293577063, 'eigenvector': 6.438794346279759, 'eigentrust': 5.373916003872187}",0.1325159521539757,0.0,0.7218682197927162,0.757076418853845,0.03520819906112882,bayes_7_metrics_alpha_00001
31,31,31,"{'logFC': 1, 'betweenness': 1, 'pagerank': 1, 'closeness': 1, 'katz': 1, 'eigenvector': 1, 'eigentrust': 1}","{'logFC': 5.550959491092071, 'betweenness': 4.5538805163119935, 'pagerank': 1.1937232474677817, 'closeness': 9.669362755966405, 'katz': 2.215712422420582, 'eigenvector': 2.136965674956736, 'eigentrust': 2.5656010001241794}",0.1353364275061292,0.0,0.7991083898900616,0.8144781498168739,0.015369759926812332,bayes_7_metrics_alpha_00001
32,32,32,"{'logFC': 1, 'betweenness': 1, 'pagerank': 1, 'closeness': 1, 'katz': 1, 'eigenvector': 1, 'eigentrust': 1}","{'logFC': 2.178971603298252, 'betweenness': 9.531731900959128, 'pagerank': 8.285416229139239, 'closeness': 8.444039240536593, 'katz': 3.988572169301533, 'eigenvector': 2.5857663001754974, 'eigentrust': 1.1351708266791014}",0.1314977048845716,0.0,0.7483982406000089,0.7774744626735812,0.0290762220735723,bayes_7_metrics_alpha_00001
33,33,33,"{'logFC': 1, 'betweenness': 1, 'pagerank': 1, 'closeness': 1, 'katz': 1, 'eigenvector': 1, 'eigentrust': 1}","{'logFC': 9.148530868377843, 'betweenness': 4.102629874149641, 'pagerank': 5.138922392351263, 'closeness': 9.460967341000304, 'katz': 8.602610008529997, 'eigenvector': 8.909487859706598, 'eigentrust': 6.238127619523721}",0.13241853441977303,0.0,0.7223473719302763,0.7568735241236154,0.0345261521933391,bayes_7_metrics_alpha_00001
34,34,34,"{'logFC': 1, 'betweenness': 1, 'pagerank': 1, 'closeness': 1, 'katz': 1, 'eigenvector': 1, 'eigentrust': 1}","{'logFC': 1.1397994799575215, 'betweenness': 5.917121344183359, 'pagerank': 6.341332673769735, 'closeness': 8.187432320368355, 'katz': 6.391992768812905, 'eigenvector': 5.41228170357935, 'eigentrust': 3.571469665607328}",0.13304015234278055,0.0,0.735581945317619,0.7724954022927464,0.03691345697512738,bayes_7_metrics_alpha_00001
35,35,35,"{'logFC': 1, 'betweenness': 1, 'pagerank': 1, 'closeness': 1, 'katz': 1, 'eigenvector': 1, 'eigentrust': 1}","{'logFC': 2.6560918146471857, 'betweenness': 4.903087140905125, 'pagerank': 8.091363104429538, 'closeness': 8.266244759963573, 'katz': 6.20071493756082, 'eigenvector': 9.035998376726361, 'eigentrust': 3.8372032278583568}",0.1326991902730712,0.0,0.7277884860706082,0.7653307222330041,0.03754223616239594,bayes_7_metrics_alpha_00001
36,36,36,"{'logFC': 1, 'betweenness': 1, 'pagerank': 1, 'closeness': 1, 'katz': 1, 'eigenvector': 1, 'eigentrust': 1}","{'logFC': 1.003618224022217, 'betweenness': 6.508280593404406, 'pagerank': 9.790832341279536, 'closeness': 1.4851834486637765, 'katz': 9.267416001797733, 'eigenvector': 7.111619529088866, 'eigentrust': 4.78174312001019}",0.13077634975749944,0.0,0.7347918418117222,0.7756780195239632,0.04088617771224101,bayes_7_metrics_alpha_00001
37,37,37,"{'logFC': 1, 'betweenness': 1, 'pagerank': 1, 'closeness': 1, 'katz': 1, 'eigenvector': 1, 'eigentrust': 1}","{'logFC': 6.652685784766153, 'betweenness': 4.389222832711971, 'pagerank': 3.5701865352612456, 'closeness': 9.764051845224904, 'katz': 6.172403542372921, 'eigenvector': 8.459612271826238, 'eigentrust': 6.442444908766477}",0.13391227301088063,0.0,0.7284984116409365,0.7624271020001705,0.03392869035923396,bayes_7_metrics_alpha_00001
38,38,38,"{'logFC': 1, 'betweenness': 1, 'pagerank': 1, 'closeness': 1, 'katz': 1, 'eigenvector': 1, 'eigentrust': 1}","{'logFC': 8.780314870491399, 'betweenness': 6.281500065904747, 'pagerank': 3.904128971530718, 'closeness': 7.750195873323939, 'katz': 7.282515236025727, 'eigenvector': 7.795739696209122, 'eigentrust': 8.724824527861381}",0.132787330127826,0.0,0.7210994498074552,0.7576051001073137,0.03650565029985853,bayes_7_metrics_alpha_00001
39,39,39,"{'logFC': 1, 'betweenness': 1, 'pagerank': 1, 'closeness': 1, 'katz': 1, 'eigenvector': 1, 'eigentrust': 1}","{'logFC': 3.8564555136244922, 'betweenness': 7.037099117088285, 'pagerank': 6.597274311282713, 'closeness': 5.0578654277201425, 'katz': 4.613316251225865, 'eigenvector': 4.69730214929967, 'eigentrust': 4.4389247682836555}",0.13349708790558829,0.0,0.7365833190403714,0.7709307312950836,0.03434741225471216,bayes_7_metrics_alpha_00001
40,40,40,"{'logFC': 1, 'betweenness': 1, 'pagerank': 1, 'closeness': 1, 'katz': 1, 'eigenvector': 1, 'eigentrust': 1}","{'logFC': 4.090116157969807, 'betweenness': 4.872225437391379, 'pagerank': 8.178749235627098, 'closeness': 9.764218701345271, 'katz': 4.840309084132295, 'eigenvector': 2.787128995843998, 'eigentrust': 7.1002080229088}",0.13245332646770255,0.0,0.7280857883474166,0.7608880305679628,0.032802242220546285,bayes_7_metrics_alpha_00001
41,41,41,"{'logFC': 1, 'betweenness': 1, 'pagerank': 1, 'closeness': 1, 'katz': 1, 'eigenvector': 1, 'eigentrust': 1}","{'logFC': 8.694081484276621, 'betweenness': 8.919984597070886, 'pagerank': 5.74943181677872, 'closeness': 9.134577602437348, 'katz': 3.2713003135413077, 'eigenvector': 3.43187435826782, 'eigentrust': 6.96447831137736}",0.13314684795643109,0.0,0.7239506562300874,0.7566833725333193,0.032732716303231935,bayes_7_metrics_alpha_00001
42,42,42,"{'logFC': 1, 'betweenness': 1, 'pagerank': 1, 'closeness': 1, 'katz': 1, 'eigenvector': 1, 'eigentrust': 1}","{'logFC': 6.11972191634244, 'betweenness': 8.219449756041382, 'pagerank': 5.191388907327828, 'closeness': 6.152396654724457, 'katz': 7.9379551945169915, 'eigenvector': 5.671104647176502, 'eigentrust': 7.5982827275876}",0.1317319713406304,0.0,0.7208694213747872,0.7585639436964037,0.03769452232161652,bayes_7_metrics_alpha_00001
43,43,43,"{'logFC': 1, 'betweenness': 1, 'pagerank': 1, 'closeness': 1, 'katz': 1, 'eigenvector': 1, 'eigentrust': 1}","{'logFC': 2.6345156619768737, 'betweenness': 4.0842001715795355, 'pagerank': 8.306728279484858, 'closeness': 1.613884135750337, 'katz': 9.845354023574005, 'eigenvector': 1.7166346992842714, 'eigentrust': 4.401317613952899}",0.1317551660392501,0.0,0.755270137226678,0.7837251217376472,0.028454984510969172,bayes_7_metrics_alpha_00001
44,44,44,"{'logFC': 1, 'betweenness': 1, 'pagerank': 1, 'closeness': 1, 'katz': 1, 'eigenvector': 1, 'eigentrust': 1}","{'logFC': 4.106548460396935, 'betweenness': 8.874654804603082, 'pagerank': 3.0253596203267614, 'closeness': 7.195719271473489, 'katz': 5.201920204869757, 'eigenvector': 2.4487429313404787, 'eigentrust': 6.125449714708381}",0.1332558630399436,0.0,0.7397622025416813,0.7715534815809337,0.031791279039252385,bayes_7_metrics_alpha_00001
45,45,45,"{'logFC': 1, 'betweenness': 1, 'pagerank': 1, 'closeness': 1, 'katz': 1, 'eigenvector': 1, 'eigentrust': 1}","{'logFC': 1.998021706696263, 'betweenness': 6.332606818892171, 'pagerank': 2.7366645881720157, 'closeness': 3.8104285393172526, 'katz': 3.3140646440397656, 'eigenvector': 9.186719724564014, 'eigentrust': 9.246749981215157}",0.135206537193859,0.0,0.743690606021067,0.7809788649835344,0.03728825896246746,bayes_7_metrics_alpha_00001
46,46,46,"{'logFC': 1, 'betweenness': 1, 'pagerank': 1, 'closeness': 1, 'katz': 1, 'eigenvector': 1, 'eigentrust': 1}","{'logFC': 4.7426384644077455, 'betweenness': 5.496257536109974, 'pagerank': 6.550165604397126, 'closeness': 7.557271011771366, 'katz': 8.665046874427302, 'eigenvector': 3.2323020253950765, 'eigentrust': 2.8737499456791236}",0.1314304402585745,0.0,0.7343717425217882,0.7649232274982604,0.0305514849764722,bayes_7_metrics_alpha_00001
47,47,47,"{'logFC': 1, 'betweenness': 1, 'pagerank': 1, 'closeness': 1, 'katz': 1, 'eigenvector': 1, 'eigentrust': 1}","{'logFC': 6.5962560856637396, 'betweenness': 3.1029952531532503, 'pagerank': 5.896091069325443, 'closeness': 1.9177053348321769, 'katz': 2.3740447968384695, 'eigenvector': 5.294268883448042, 'eigentrust': 5.642713152716769}",0.13630596590843197,0.0,0.7667275542133792,0.7915453242956281,0.024817770082248836,bayes_7_metrics_alpha_00001
48,48,48,"{'logFC': 1, 'betweenness': 1, 'pagerank': 1, 'closeness': 1, 'katz': 1, 'eigenvector': 1, 'eigentrust': 1}","{'logFC': 8.06766425399457, 'betweenness': 6.887236122736699, 'pagerank': 1.2009738519262556, 'closeness': 2.300909861121938, 'katz': 5.674166419294297, 'eigenvector': 2.9984422581993044, 'eigentrust': 7.763750354217195}",0.1353387469759912,0.0,0.7612141559150455,0.7865968656569545,0.025382709741909038,bayes_7_metrics_alpha_00001
49,49,49,"{'logFC': 1, 'betweenness': 1, 'pagerank': 1, 'closeness': 1, 'katz': 1, 'eigenvector': 1, 'eigentrust': 1}","{'logFC': 9.548253922182639, 'betweenness': 3.9192621375356786, 'pagerank': 8.437662978664072, 'closeness': 8.856301387601, 'katz': 8.799474467498616, 'eigenvector': 5.845965333350893, 'eigentrust': 8.602386468418626}",0.13144435707774632,0.0,0.7180343705612428,0.7524569884657374,0.034422617904494635,bayes_7_metrics_alpha_00001
50,50,50,"{'logFC': 1, 'betweenness': 1, 'pagerank': 1, 'closeness': 1, 'katz': 1, 'eigenvector': 1, 'eigentrust': 1}","{'logFC': 8.196537355624251, 'betweenness': 8.687038994528848, 'pagerank': 1.3111409788447084, 'closeness': 1.8886906163831352, 'katz': 6.492167313819667, 'eigenvector': 7.331652893373876, 'eigentrust': 6.861738991068919}",0.13539209478281644,0.0,0.7439702993338616,0.7756470561554641,0.031676756821602536,bayes_7_metrics_alpha_00001
51,51,51,"{'logFC': 1, 'betweenness': 1, 'pagerank': 1, 'closeness': 1, 'katz': 1, 'eigenvector': 1, 'eigentrust': 1}","{'logFC': 2.054128459024982, 'betweenness': 9.612710088790205, 'pagerank': 9.218287048245799, 'closeness': 8.742322713394355, 'katz': 9.813388706588432, 'eigenvector': 6.923409377133765, 'eigentrust': 8.581039571885409}",0.12909705357743437,0.0,0.7151211622435711,0.7588932609312481,0.04377209868767695,bayes_7_metrics_alpha_00001
52,52,52,"{'logFC': 1, 'betweenness': 1, 'pagerank': 1, 'closeness': 1, 'katz': 1, 'eigenvector': 1, 'eigentrust': 1}","{'logFC': 1.5714447595709, 'betweenness': 9.948736121696868, 'pagerank': 7.4356930797911405, 'closeness': 7.927819204197616, 'katz': 5.05207649353487, 'eigenvector': 9.975795976306436, 'eigentrust': 9.973071059583486}",0.131026852502592,0.0,0.7192589916479833,0.7645102711179287,0.04525127946994534,bayes_7_metrics_alpha_00001
53,53,53,"{'logFC': 1, 'betweenness': 1, 'pagerank': 1, 'closeness': 1, 'katz': 1, 'eigenvector': 1, 'eigentrust': 1}","{'logFC': 5.151883824016079, 'betweenness': 9.905679549566301, 'pagerank': 9.393899504797826, 'closeness': 7.867141045397626, 'katz': 6.399108323975657, 'eigenvector': 9.166528998024729, 'eigentrust': 9.701986984245705}",0.130368123061793,0.0,0.7138576595811623,0.756242124844977,0.042384465263814675,bayes_7_metrics_alpha_00001
54,54,54,"{'logFC': 1, 'betweenness': 1, 'pagerank': 1, 'closeness': 1, 'katz': 1, 'eigenvector': 1, 'eigentrust': 1}","{'logFC': 2.8392229080061604, 'betweenness': 8.43349306159041, 'pagerank': 6.286485642204092, 'closeness': 9.829924151830703, 'katz': 9.827650352916093, 'eigenvector': 9.9638020514023, 'eigentrust': 9.999604560438378}",0.12973722725933762,0.0,0.7155873831188654,0.7599808931759311,0.04439351005706571,bayes_7_metrics_alpha_00001
55,55,55,"{'logFC': 1, 'betweenness': 1, 'pagerank': 1, 'closeness': 1, 'katz': 1, 'eigenvector': 1, 'eigentrust': 1}","{'logFC': 1.2322471635527905, 'betweenness': 8.245880970748242, 'pagerank': 9.618506585467195, 'closeness': 8.893171571466123, 'katz': 9.031104591197375, 'eigenvector': 8.804711284342776, 'eigentrust': 9.19716491898295}",0.1292826111663918,0.0,0.7163354251130073,0.7620421642533802,0.04570673914037293,bayes_7_metrics_alpha_00001
56,56,56,"{'logFC': 1, 'betweenness': 1, 'pagerank': 1, 'closeness': 1, 'katz': 1, 'eigenvector': 1, 'eigentrust': 1}","{'logFC': 7.416057210808317, 'betweenness': 9.987410678296703, 'pagerank': 9.530923930115996, 'closeness': 8.193105056783146, 'katz': 8.45318578300224, 'eigenvector': 9.037784430832586, 'eigentrust': 9.74588456742847}",0.1297441856689235,0.0,0.711761145863414,0.7533469769834384,0.04158583112002445,bayes_7_metrics_alpha_00001
57,57,57,"{'logFC': 1, 'betweenness': 1, 'pagerank': 1, 'closeness': 1, 'katz': 1, 'eigenvector': 1, 'eigentrust': 1}","{'logFC': 1.2152938253731358, 'betweenness': 9.738078779335504, 'pagerank': 8.117652736428559, 'closeness': 8.654712639117582, 'katz': 6.848359821247346, 'eigenvector': 9.652235404018425, 'eigentrust': 9.501418356421357}",0.13014313448518208,0.0,0.7177143606042502,0.7637851577027542,0.046070797098504035,bayes_7_metrics_alpha_00001
58,58,58,"{'logFC': 1, 'betweenness': 1, 'pagerank': 1, 'closeness': 1, 'katz': 1, 'eigenvector': 1, 'eigentrust': 1}","{'logFC': 3.5245932488108926, 'betweenness': 8.910300649445054, 'pagerank': 9.448225489721967, 'closeness': 7.619882260277941, 'katz': 9.616161772422195, 'eigenvector': 9.362745436814661, 'eigentrust': 9.80844305290458}",0.12916663767329342,0.0,0.7143777697735786,0.7583452975759326,0.04396752780235402,bayes_7_metrics_alpha_00001
59,59,59,"{'logFC': 1, 'betweenness': 1, 'pagerank': 1, 'closeness': 1, 'katz': 1, 'eigenvector': 1, 'eigentrust': 1}","{'logFC': 2.592303466549756, 'betweenness': 9.568423958099096, 'pagerank': 9.660000508009515, 'closeness': 1.573314324308627, 'katz': 9.407174252097121, 'eigenvector': 9.720602584077453, 'eigentrust': 9.537896573533507}",0.12948904398410702,0.0,0.7216746394902614,0.7664631624856427,0.044788522995381275,bayes_7_metrics_alpha_00001
60,60,60,"{'logFC': 1, 'betweenness': 1, 'pagerank': 1, 'closeness': 1, 'katz': 1, 'eigenvector': 1, 'eigentrust': 1}","{'logFC': 1.303700601241287, 'betweenness': 9.710533460319414, 'pagerank': 9.35267339343175, 'closeness': 7.958532810607137, 'katz': 6.30097931755199, 'eigenvector': 9.643324352027154, 'eigentrust': 8.673198320294151}",0.13023823274952276,0.0,0.7180962492533972,0.7637547683091918,0.045658519055794544,bayes_7_metrics_alpha_00001
61,61,61,"{'logFC': 1, 'betweenness': 1, 'pagerank': 1, 'closeness': 1, 'katz': 1, 'eigenvector': 1, 'eigentrust': 1}","{'logFC': 3.643146751568314, 'betweenness': 8.686755408630809, 'pagerank': 8.849392323255412, 'closeness': 7.964115912648038, 'katz': 9.435519286899195, 'eigenvector': 9.724268091785454, 'eigentrust': 9.879374692083726}",0.12933827844307907,0.0,0.7145394270337717,0.758469589565951,0.043930162532179295,bayes_7_metrics_alpha_00001
62,62,62,"{'logFC': 1, 'betweenness': 1, 'pagerank': 1, 'closeness': 1, 'katz': 1, 'eigenvector': 1, 'eigentrust': 1}","{'logFC': 1.3241812712816303, 'betweenness': 9.942858062506296, 'pagerank': 9.934977764127929, 'closeness': 1.9623300301314028, 'katz': 8.217977215810087, 'eigenvector': 9.213451515541902, 'eigentrust': 9.70160902896364}",0.12953079444162244,0.0,0.7232262041487084,0.7692044268520932,0.04597822270338481,bayes_7_metrics_alpha_00001
63,63,63,"{'logFC': 1, 'betweenness': 1, 'pagerank': 1, 'closeness': 1, 'katz': 1, 'eigenvector': 1, 'eigentrust': 1}","{'logFC': 4.6873491034800745, 'betweenness': 9.964930699192385, 'pagerank': 8.920745673235974, 'closeness': 8.72684853079329, 'katz': 8.014928875675118, 'eigenvector': 9.920370198705546, 'eigentrust': 7.219052636277697}",0.1299807715948443,0.0,0.7141132578356233,0.7565865902006311,0.04247333236500783,bayes_7_metrics_alpha_00001
64,64,64,"{'logFC': 1, 'betweenness': 1, 'pagerank': 1, 'closeness': 1, 'katz': 1, 'eigenvector': 1, 'eigentrust': 1}","{'logFC': 4.5424701229250495, 'betweenness': 9.539678207291455, 'pagerank': 9.235856855411646, 'closeness': 7.022818826695612, 'katz': 9.935965828185207, 'eigenvector': 9.088132162574347, 'eigentrust': 9.551182453413764}",0.12919679078149895,0.0,0.71386724670497,0.7570391015707973,0.04317185486582731,bayes_7_metrics_alpha_00001
65,65,65,"{'logFC': 1, 'betweenness': 1, 'pagerank': 1, 'closeness': 1, 'katz': 1, 'eigenvector': 1, 'eigentrust': 1}","{'logFC': 1.4722713143441668, 'betweenness': 8.882255870700858, 'pagerank': 7.786399221244396, 'closeness': 7.9927207382604655, 'katz': 8.43119131537548, 'eigenvector': 9.936828795497078, 'eigentrust': 9.358527963740976}",0.12972099097030382,0.0,0.7176940807996385,0.7635747789995638,0.04588069819992535,bayes_7_metrics_alpha_00001
66,66,66,"{'logFC': 1, 'betweenness': 1, 'pagerank': 1, 'closeness': 1, 'katz': 1, 'eigenvector': 1, 'eigentrust': 1}","{'logFC': 2.1242658102596494, 'betweenness': 8.130470208031953, 'pagerank': 9.460084407600355, 'closeness': 9.041026151437867, 'katz': 8.362530451481014, 'eigenvector': 8.912040038686243, 'eigentrust': 9.465372827373946}",0.12962821217582512,0.0,0.7155728003258021,0.7601376883120697,0.044564887986267676,bayes_7_metrics_alpha_00001
67,67,67,"{'logFC': 1, 'betweenness': 1, 'pagerank': 1, 'closeness': 1, 'katz': 1, 'eigenvector': 1, 'eigentrust': 1}","{'logFC': 1.7890091307209344, 'betweenness': 9.266457120292314, 'pagerank': 8.04129677126484, 'closeness': 4.995296050933396, 'katz': 9.534344111284042, 'eigenvector': 9.434458717243006, 'eigentrust': 9.13046918943965}",0.12943337670741975,0.0,0.7192929221315568,0.7647216026383314,0.04542868050677462,bayes_7_metrics_alpha_00001
68,68,68,"{'logFC': 1, 'betweenness': 1, 'pagerank': 1, 'closeness': 1, 'katz': 1, 'eigenvector': 1, 'eigentrust': 1}","{'logFC': 1.410877534868404, 'betweenness': 9.549134167025729, 'pagerank': 9.798034068983194, 'closeness': 8.94177057609701, 'katz': 8.19432533918682, 'eigenvector': 8.457268038065811, 'eigentrust': 9.36683510084919}",0.1293336395033551,0.0,0.7157191203418449,0.7612679400432362,0.04554881970139124,bayes_7_metrics_alpha_00001
69,69,69,"{'logFC': 1, 'betweenness': 1, 'pagerank': 1, 'closeness': 1, 'katz': 1, 'eigenvector': 1, 'eigentrust': 1}","{'logFC': 6.351354271683706, 'betweenness': 9.74106405944363, 'pagerank': 8.842558906333789, 'closeness': 4.161618810408212, 'katz': 9.876991148693548, 'eigenvector': 9.694559183091807, 'eigentrust': 9.43616995580816}",0.12966068475389267,0.0,0.7152681728619303,0.757624907186345,0.04235673432441467,bayes_7_metrics_alpha_00001
70,70,70,"{'logFC': 1, 'betweenness': 1, 'pagerank': 1, 'closeness': 1, 'katz': 1, 'eigenvector': 1, 'eigentrust': 1}","{'logFC': 1.439889566368802, 'betweenness': 9.811983967502739, 'pagerank': 7.3608824952012855, 'closeness': 8.56546319703568, 'katz': 8.970828943339656, 'eigenvector': 9.944740988128405, 'eigentrust': 9.795623326039648}",0.1294820855745211,0.0,0.7167672552180463,0.7630932890377303,0.04632603381968403,bayes_7_metrics_alpha_00001
71,71,71,"{'logFC': 1, 'betweenness': 1, 'pagerank': 1, 'closeness': 1, 'katz': 1, 'eigenvector': 1, 'eigentrust': 1}","{'logFC': 2.7483656000012617, 'betweenness': 9.364163724638408, 'pagerank': 8.710810509198959, 'closeness': 9.14672320373023, 'katz': 5.802989233140327, 'eigenvector': 9.731626611233752, 'eigentrust': 9.008397596904588}",0.1306742930835728,0.0,0.7161522317019664,0.7600493640920774,0.04389713239011095,bayes_7_metrics_alpha_00001
72,72,72,"{'logFC': 1, 'betweenness': 1, 'pagerank': 1, 'closeness': 1, 'katz': 1, 'eigenvector': 1, 'eigentrust': 1}","{'logFC': 1.0620680541391545, 'betweenness': 9.84984928534643, 'pagerank': 9.491544528188959, 'closeness': 4.6485753512889545, 'katz': 9.734513352116581, 'eigenvector': 9.55333414353536, 'eigentrust': 9.49333193254202}",0.12891381545833883,0.0,0.7191099614296912,0.7660006152953257,0.04689065386563451,bayes_7_metrics_alpha_00001
73,73,73,"{'logFC': 1, 'betweenness': 1, 'pagerank': 1, 'closeness': 1, 'katz': 1, 'eigenvector': 1, 'eigentrust': 1}","{'logFC': 1.1167448025210442, 'betweenness': 8.517493083988466, 'pagerank': 8.751704225431162, 'closeness': 7.882837063942403, 'katz': 9.39682074432495, 'eigenvector': 9.99509750078675, 'eigentrust': 8.677716469853804}",0.12930812533487346,0.0,0.7176161569247637,0.7639652687640214,0.04634911183925772,bayes_7_metrics_alpha_00001
74,74,74,"{'logFC': 1, 'betweenness': 1, 'pagerank': 1, 'closeness': 1, 'katz': 1, 'eigenvector': 1, 'eigentrust': 1}","{'logFC': 1.4274507741590625, 'betweenness': 9.497645846714889, 'pagerank': 9.672000613536646, 'closeness': 1.7497416443536138, 'katz': 8.207583756549095, 'eigenvector': 9.760310731362791, 'eigentrust': 9.891969939567813}",0.12966996263334055,0.0,0.7236243533995006,0.769628674868226,0.04600432146872535,bayes_7_metrics_alpha_00001
75,75,75,"{'logFC': 1, 'betweenness': 1, 'pagerank': 1, 'closeness': 1, 'katz': 1, 'eigenvector': 1, 'eigentrust': 1}","{'logFC': 1.4096105863648192, 'betweenness': 9.811140344002027, 'pagerank': 4.733463484760932, 'closeness': 8.738970835408317, 'katz': 9.81468613941329, 'eigenvector': 9.935228895950749, 'eigentrust': 7.271783665291647}",0.13012457872628633,0.0,0.7200350072123715,0.7649495393963417,0.044914532183970235,bayes_7_metrics_alpha_00001
76,76,76,"{'logFC': 1, 'betweenness': 1, 'pagerank': 1, 'closeness': 1, 'katz': 1, 'eigenvector': 1, 'eigentrust': 1}","{'logFC': 1.5043859785357205, 'betweenness': 9.7398297953244, 'pagerank': 8.928324641713967, 'closeness': 7.454708086517719, 'katz': 9.942266377445423, 'eigenvector': 9.179989221869413, 'eigentrust': 8.237501849389485}",0.1290135526624035,0.0,0.7168436745506593,0.7624955945949982,0.04565192004433882,bayes_7_metrics_alpha_00001
77,77,77,"{'logFC': 1, 'betweenness': 1, 'pagerank': 1, 'closeness': 1, 'katz': 1, 'eigenvector': 1, 'eigentrust': 1}","{'logFC': 3.9753931594102045, 'betweenness': 8.757192209712315, 'pagerank': 8.899950527424451, 'closeness': 2.55711975398853, 'katz': 9.96564678055298, 'eigenvector': 9.896350712160348, 'eigentrust': 9.764976315422738}",0.12962589270596314,0.0,0.7191190138471442,0.7627901978063577,0.043671183959213544,bayes_7_metrics_alpha_00001
78,78,78,"{'logFC': 1, 'betweenness': 1, 'pagerank': 1, 'closeness': 1, 'katz': 1, 'eigenvector': 1, 'eigentrust': 1}","{'logFC': 2.7624530530037754, 'betweenness': 9.509416704282442, 'pagerank': 9.189324528017012, 'closeness': 4.9329659025156, 'katz': 8.854943824573589, 'eigenvector': 9.891067088200867, 'eigentrust': 9.915943219552352}",0.12937770943073254,0.0,0.7172768956940343,0.7622162737831325,0.0449393780890982,bayes_7_metrics_alpha_00001
79,79,79,"{'logFC': 1, 'betweenness': 1, 'pagerank': 1, 'closeness': 1, 'katz': 1, 'eigenvector': 1, 'eigentrust': 1}","{'logFC': 3.8864862200509362, 'betweenness': 9.605431634338908, 'pagerank': 9.502648937209354, 'closeness': 7.361610241381472, 'katz': 7.873633539899635, 'eigenvector': 9.320648098791095, 'eigentrust': 9.855169920444046}",0.12966764316347856,0.0,0.7145191299117624,0.7581125648298468,0.04359343491808443,bayes_7_metrics_alpha_00001
80,80,80,"{'logFC': 1, 'betweenness': 1, 'pagerank': 1, 'closeness': 1, 'katz': 1, 'eigenvector': 1, 'eigentrust': 1}","{'logFC': 4.302174001723513, 'betweenness': 9.275879280730031, 'pagerank': 8.250996139761654, 'closeness': 9.155633533407233, 'katz': 9.681418471424559, 'eigenvector': 9.379797120428531, 'eigentrust': 9.975643693467438}",0.12928493063625376,0.0,0.7133676912119712,0.7567781149941926,0.043410423782221375,bayes_7_metrics_alpha_00001
